{
  "urls": [
    "ch10.ogg",
    "ch10.m4a"
  ],
  "sprite": {
    "silence": [
      0,
      1000,
      true
    ],
    "CountUpEnd": [
      1050,
      1999.206349206349
    ],
    "InstantWin2x": [
      3099.9999999999995,
      2231.632653061224
    ]
  }
}