{
  "urls": [
    "ch4.ogg",
    "ch4.m4a"
  ],
  "sprite": {
    "silence": [
      0,
      1000,
      true
    ],
    "GoldBar4": [
      1050,
      997.2562358276645
    ],
    "LuckyNumberSelect_2": [
      2100,
      1999.9999999999995
    ],
    "Transition": [
      4149.999999999999,
      4906.0317460317465
    ],
    "UI_Click": [
      9200,
      648.9795918367349
    ],
    "YourNumberSelect_2": [
      10250,
      1500
    ]
  }
}