{
  "urls": [
    "ch6.ogg",
    "ch6.m4a"
  ],
  "sprite": {
    "silence": [
      0,
      1000,
      true
    ],
    "GoldBar6": [
      1050,
      997.2562358276645
    ],
    "LuckyNumberSelect_4": [
      2100,
      1999.9999999999995
    ],
    "WheelBonusTriggered": [
      4149.999999999999,
      3001.6780045351475
    ],
    "YourNumberSelect_RevealAll": [
      8200,
      2997.936507936508
    ]
  }
}