{
  "urls": [
    "ch11.ogg",
    "ch11.m4a"
  ],
  "sprite": {
    "silence": [
      0,
      1000,
      true
    ],
    "BagDrop": [
      1050,
      1199.2290249433106
    ],
    "PrizeWin": [
      3100,
      2496.7573696145123
    ]
  }
}