{
  "urls": [
    "ch5.ogg",
    "ch5.m4a"
  ],
  "sprite": {
    "silence": [
      0,
      1000,
      true
    ],
    "GoldBar5": [
      1050,
      997.2562358276645
    ],
    "LuckyNumberSelect_3": [
      2100,
      1999.9999999999995
    ],
    "WheelBonusTransition": [
      4149.999999999999,
      2449.52380952381
    ],
    "YourNumberSelect_3": [
      7200,
      1499.999999999999
    ]
  }
}