{
  "urls": [
    "ch8.ogg",
    "ch8.m4a"
  ],
  "sprite": {
    "silence": [
      0,
      1000,
      true
    ],
    "GoldBar8": [
      1050,
      997.2562358276645
    ],
    "LuckyNumberSelect__RevealAll": [
      2100,
      3712.222222222222
    ],
    "MultiplierWin": [
      6150,
      2601.723356009071
    ],
    "PrizeBonusTransition": [
      9200.000000000002,
      2166.5306122448983
    ]
  }
}