{
  "urls": [
    "ch9.ogg",
    "ch9.m4a"
  ],
  "sprite": {
    "silence": [
      0,
      1000,
      true
    ],
    "CountUp": [
      1050,
      2465.736961451247
    ],
    "GoldBar9": [
      4100,
      997.2562358276642
    ],
    "InstantWin": [
      5149.999999999999,
      2100.0000000000005
    ],
    "PrizeBonusReveal": [
      8200,
      1903.1972789115646
    ],
    "PrizeBonusTriggered": [
      10250,
      2804.7845804988665
    ]
  }
}