{
  "urls": [
    "ch1.ogg",
    "ch1.m4a"
  ],
  "sprite": {
    "silence": [
      0,
      1000,
      true
    ],
    "BackgroundMusicTerm_LOSE": [
      1050,
      4800
    ],
    "BackgroundMusicTerm_WIN": [
      6100,
      5040.000000000001
    ],
    "BetDown": [
      12150,
      1010.3174603174612
    ],
    "Collect": [
      14200.000000000002,
      1297.7097505668933
    ],
    "GoldBar1": [
      16250,
      997.2562358276633
    ],
    "NumberMatch": [
      17299.999999999996,
      1883.854875283447
    ],
    "SpinButton": [
      19349.999999999996,
      1497.5510204081636
    ]
  }
}