{
  "urls": [
    "ch7.ogg",
    "ch7.m4a"
  ],
  "sprite": {
    "silence": [
      0,
      1000,
      true
    ],
    "GoldBar7": [
      1050,
      997.2562358276645
    ],
    "LuckyNumberSelect_5": [
      2100,
      1999.9999999999995
    ],
    "PrizeBonusReveal": [
      4149.999999999999,
      1903.1972789115646
    ],
    "WheelBonusReveal": [
      6199.999999999999,
      1994.149659863945
    ]
  }
}